﻿--
-- Script was generated by Devart dbForge Studio for MySQL, Version 8.0.40.0
-- Product home page: http://www.devart.com/dbforge/mysql/studio
-- Script date 12/06/2020 13:59:13
-- Server version: 5.5.5-10.1.36-MariaDB
-- Client version: 4.1
--

-- 
-- Disable foreign keys
-- 
/*!40014 SET @OLD_FOREIGN_KEY_CHECKS=@@FOREIGN_KEY_CHECKS, FOREIGN_KEY_CHECKS=0 */;

-- 
-- Set SQL mode
-- 
/*!40101 SET @OLD_SQL_MODE=@@SQL_MODE, SQL_MODE='NO_AUTO_VALUE_ON_ZERO' */;

-- 
-- Set character set the client will use to send SQL statements to the server
--
SET NAMES 'utf8';

DROP DATABASE IF EXISTS protectora_animales;

CREATE DATABASE IF NOT EXISTS protectora_animales
CHARACTER SET latin1
COLLATE latin1_swedish_ci;

--
-- Set default database
--
USE protectora_animales;

--
-- Create table `local`
--
CREATE TABLE IF NOT EXISTS local (
  codigo_local int(11) NOT NULL AUTO_INCREMENT,
  direccion varchar(40) DEFAULT NULL,
  numero_empleados int(11) DEFAULT NULL,
  numero_animales int(11) DEFAULT NULL,
  PRIMARY KEY (codigo_local)
)
ENGINE = INNODB,
AUTO_INCREMENT = 9053978,
AVG_ROW_LENGTH = 1638,
CHARACTER SET latin1,
COLLATE latin1_swedish_ci;

--
-- Create table `empleado`
--
CREATE TABLE IF NOT EXISTS empleado (
  codigo_empleado int(11) NOT NULL AUTO_INCREMENT,
  codigo_local int(11) DEFAULT NULL,
  nombre varchar(30) DEFAULT NULL,
  apellidos varchar(40) DEFAULT NULL,
  edad int(11) DEFAULT NULL,
  dni varchar(10) DEFAULT NULL,
  PRIMARY KEY (codigo_empleado)
)
ENGINE = INNODB,
AUTO_INCREMENT = 9462471,
AVG_ROW_LENGTH = 1638,
CHARACTER SET latin1,
COLLATE latin1_swedish_ci;

--
-- Create foreign key
--
ALTER TABLE empleado
ADD CONSTRAINT fk_local_empleado FOREIGN KEY (codigo_local)
REFERENCES local (codigo_local);

--
-- Create table `socio`
--
CREATE TABLE IF NOT EXISTS socio (
  codigo_socio int(11) NOT NULL AUTO_INCREMENT,
  codigo_empleado int(11) DEFAULT NULL,
  codigo_local int(11) DEFAULT NULL,
  nombre varchar(30) DEFAULT NULL,
  dni varchar(10) DEFAULT NULL,
  direccion varchar(40) DEFAULT NULL,
  PRIMARY KEY (codigo_socio)
)
ENGINE = INNODB,
AUTO_INCREMENT = 9582825,
AVG_ROW_LENGTH = 1489,
CHARACTER SET latin1,
COLLATE latin1_swedish_ci;

--
-- Create index `uk_codigo_empleado_socio` on table `socio`
--
ALTER TABLE socio
ADD UNIQUE INDEX uk_codigo_empleado_socio (codigo_empleado);

--
-- Create foreign key
--
ALTER TABLE socio
ADD CONSTRAINT fk_empleado_socio FOREIGN KEY (codigo_empleado)
REFERENCES empleado (codigo_empleado);

--
-- Create foreign key
--
ALTER TABLE socio
ADD CONSTRAINT fk_local_socio FOREIGN KEY (codigo_local)
REFERENCES local (codigo_local);

--
-- Create table `telefono_socio`
--
CREATE TABLE IF NOT EXISTS telefono_socio (
  id_telefono_socio int(11) NOT NULL AUTO_INCREMENT,
  codigo_socio int(11) DEFAULT NULL,
  telefono varchar(9) DEFAULT NULL,
  PRIMARY KEY (id_telefono_socio)
)
ENGINE = INNODB,
AUTO_INCREMENT = 11,
AVG_ROW_LENGTH = 1638,
CHARACTER SET latin1,
COLLATE latin1_swedish_ci;

--
-- Create index `uk_telefono_socio_socio_telefono` on table `telefono_socio`
--
ALTER TABLE telefono_socio
ADD UNIQUE INDEX uk_telefono_socio_socio_telefono (codigo_socio, telefono);

--
-- Create foreign key
--
ALTER TABLE telefono_socio
ADD CONSTRAINT fk_telefono_socio FOREIGN KEY (codigo_socio)
REFERENCES socio (codigo_socio);

--
-- Create table `animal`
--
CREATE TABLE IF NOT EXISTS animal (
  codigo_animal int(11) NOT NULL AUTO_INCREMENT,
  codigo_local int(11) DEFAULT NULL,
  nombre varchar(30) DEFAULT NULL,
  raza varchar(30) DEFAULT NULL,
  esta_vacunado tinyint(1) DEFAULT NULL,
  PRIMARY KEY (codigo_animal)
)
ENGINE = INNODB,
AUTO_INCREMENT = 9477034,
AVG_ROW_LENGTH = 1638,
CHARACTER SET latin1,
COLLATE latin1_swedish_ci;

--
-- Create foreign key
--
ALTER TABLE animal
ADD CONSTRAINT fk_local_animal FOREIGN KEY (codigo_local)
REFERENCES local (codigo_local);

--
-- Create table `adopta_socio`
--
CREATE TABLE IF NOT EXISTS adopta_socio (
  id_adopta_socio int(11) NOT NULL AUTO_INCREMENT,
  codigo_animal int(11) DEFAULT NULL,
  codigo_socio int(11) DEFAULT NULL,
  PRIMARY KEY (id_adopta_socio)
)
ENGINE = INNODB,
AUTO_INCREMENT = 11,
AVG_ROW_LENGTH = 1638,
CHARACTER SET latin1,
COLLATE latin1_swedish_ci;

--
-- Create index `uk_adopta_socio_socio_adopta` on table `adopta_socio`
--
ALTER TABLE adopta_socio
ADD UNIQUE INDEX uk_adopta_socio_socio_adopta (codigo_animal, codigo_socio);

--
-- Create foreign key
--
ALTER TABLE adopta_socio
ADD CONSTRAINT fk_adopta_socio FOREIGN KEY (codigo_animal)
REFERENCES animal (codigo_animal);

--
-- Create foreign key
--
ALTER TABLE adopta_socio
ADD CONSTRAINT fk_adopta_socio2 FOREIGN KEY (codigo_socio)
REFERENCES socio (codigo_socio);

--
-- Create table `cliente`
--
CREATE TABLE IF NOT EXISTS cliente (
  codigo_cliente int(11) NOT NULL AUTO_INCREMENT,
  direccion varchar(40) DEFAULT NULL,
  dni varchar(10) DEFAULT NULL,
  PRIMARY KEY (codigo_cliente)
)
ENGINE = INNODB,
AUTO_INCREMENT = 9752932,
AVG_ROW_LENGTH = 1489,
CHARACTER SET latin1,
COLLATE latin1_swedish_ci;

--
-- Create table `telefono_cliente`
--
CREATE TABLE IF NOT EXISTS telefono_cliente (
  id_telefono_cliente int(11) NOT NULL AUTO_INCREMENT,
  codigo_cliente int(11) DEFAULT NULL,
  telefono varchar(9) DEFAULT NULL,
  PRIMARY KEY (id_telefono_cliente)
)
ENGINE = INNODB,
AUTO_INCREMENT = 11,
AVG_ROW_LENGTH = 1638,
CHARACTER SET latin1,
COLLATE latin1_swedish_ci;

--
-- Create index `uk_telefono_cliente_cliente_telefono` on table `telefono_cliente`
--
ALTER TABLE telefono_cliente
ADD UNIQUE INDEX uk_telefono_cliente_cliente_telefono (codigo_cliente, telefono);

--
-- Create foreign key
--
ALTER TABLE telefono_cliente
ADD CONSTRAINT fk_telefono_cliente FOREIGN KEY (codigo_cliente)
REFERENCES cliente (codigo_cliente);

--
-- Create table `atiende_cliente`
--
CREATE TABLE IF NOT EXISTS atiende_cliente (
  id_atiende_cliente int(11) NOT NULL AUTO_INCREMENT,
  codigo_cliente int(11) DEFAULT NULL,
  codigo_empleado int(11) DEFAULT NULL,
  PRIMARY KEY (id_atiende_cliente)
)
ENGINE = INNODB,
AUTO_INCREMENT = 11,
AVG_ROW_LENGTH = 1638,
CHARACTER SET latin1,
COLLATE latin1_swedish_ci;

--
-- Create index `uk_atiende_cliente_cliente_atiende` on table `atiende_cliente`
--
ALTER TABLE atiende_cliente
ADD UNIQUE INDEX uk_atiende_cliente_cliente_atiende (codigo_cliente, codigo_empleado);

--
-- Create foreign key
--
ALTER TABLE atiende_cliente
ADD CONSTRAINT fk_atiende_cliente FOREIGN KEY (codigo_cliente)
REFERENCES cliente (codigo_cliente);

--
-- Create foreign key
--
ALTER TABLE atiende_cliente
ADD CONSTRAINT fk_atiende_cliente2 FOREIGN KEY (codigo_empleado)
REFERENCES empleado (codigo_empleado);

--
-- Create table `adopta_cliente`
--
CREATE TABLE IF NOT EXISTS adopta_cliente (
  id_adopta_cliente int(11) NOT NULL AUTO_INCREMENT,
  codigo_animal int(11) DEFAULT NULL,
  codigo_cliente int(11) DEFAULT NULL,
  PRIMARY KEY (id_adopta_cliente)
)
ENGINE = INNODB,
AUTO_INCREMENT = 11,
AVG_ROW_LENGTH = 1638,
CHARACTER SET latin1,
COLLATE latin1_swedish_ci;

--
-- Create index `uk_adopta_cliente_cliente_adopta` on table `adopta_cliente`
--
ALTER TABLE adopta_cliente
ADD UNIQUE INDEX uk_adopta_cliente_cliente_adopta (codigo_animal, codigo_cliente);

--
-- Create foreign key
--
ALTER TABLE adopta_cliente
ADD CONSTRAINT fk_adopta_cliente FOREIGN KEY (codigo_animal)
REFERENCES animal (codigo_animal);

--
-- Create foreign key
--
ALTER TABLE adopta_cliente
ADD CONSTRAINT fk_adopta_cliente2 FOREIGN KEY (codigo_cliente)
REFERENCES cliente (codigo_cliente);

--
-- Create table `noticia`
--
CREATE TABLE IF NOT EXISTS noticia (
  titulo varchar(600) NOT NULL,
  cuerpo varchar(5000) DEFAULT NULL,
  imagen varchar(100) DEFAULT NULL,
  adoptado_o_no tinyint(1) DEFAULT NULL,
  fecha_publicacion date DEFAULT NULL,
  PRIMARY KEY (titulo)
)
ENGINE = INNODB,
AVG_ROW_LENGTH = 2730,
CHARACTER SET latin1,
COLLATE latin1_swedish_ci;

-- 
-- Dumping data for table local
--
INSERT INTO local VALUES
(180569, '780 Prospect Hill Ct', 5, 8),
(1180569, '859 Town Court', 6, 5),
(1180570, '3657 SE Meadowview Pkwy', 6, 23),
(4212428, '854 SW Ski Hill Loop', 7, 8),
(5212429, '882 Prospect Hill Avenue', 9, 16),
(6312988, '892 White Buttonwood Blvd', 2, 13),
(6312989, '1730 Oak Hwy', 4, 3),
(7312989, '1992 Edgewood Ln', 2, 1),
(8053979, '2014 NW Sharp Hill Ave', 1, 9),
(9053977, '1636 Rockwood Lane', 6, 8);

-- 
-- Dumping data for table empleado
--
INSERT INTO empleado VALUES
(3204806, 1180570, 'Ellengard', 'Meissner', 20, 'WL196372B'),
(4706026, 6312988, 'Abby ', 'Abert', 34, 'BB650658D'),
(4706027, 1180570, 'Rubine', 'Abich', 41, 'PT389228A'),
(5706027, 5212429, 'Vajda', 'Zurbriggen', 22, 'NX994732A'),
(6409379, 8053979, 'Berendine', 'Hirsch', 49, 'WN992784C'),
(6409380, 8053979, 'Ortrun', 'Thaler', 36, 'CJ019954C'),
(7409380, 6312988, 'Abeline ', 'Buchholz', 28, 'XK741900A'),
(7409381, 4212428, 'Vajessa', 'Kaufmann', 18, 'OR667921A'),
(8462469, 9053977, 'Lany', 'Kruse', 24, 'JB352742C'),
(9462467, 4212428, 'Berenike', 'erl', 59, 'NK467808A'),
(9462470, 1180570, 'María', 'de Andrés García', 21, '72186927R');

-- 
-- Dumping data for table socio
--
INSERT INTO socio VALUES
(262544, 7409381, 6312989, 'Dorit', 'TC513229B', '2747 Red Town Ct'),
(262545, 3204806, 1180569, 'Dorita', 'GM587681B', '1876 Riddle Hill Blvd'),
(1262545, 5706027, 8053979, 'Sonnhild', 'MS853410C', '947 Flintwood Ct'),
(1262546, 7409380, 4212428, 'Juli', 'HH208058A', '545 Market Way'),
(2852335, 4706027, 180569, 'Alwina', 'XB246503D', '855 White Edgewood Parkway'),
(3852335, 6409380, 1180570, 'Otgunde', 'AE168499C', '1694 SE Prospect Hill Highway'),
(3852336, 6409379, 1180569, 'Felini', 'ZH174934C', '266 Red Hunting Hill Ln'),
(4955038, 4706026, 1180570, 'Burglinde', 'WN211983C', '385 White Chapel Hill Ln'),
(7527222, 9462467, 5212429, 'Felipa', 'SH702984D', '3153 Riverview Hwy'),
(9582823, 8462469, 6312989, 'Alwara', 'XK387324D', '3763 Ski Hill Parkway'),
(9582824, 9462470, 1180570, 'María de Andrés García', '72186927R', 'Calle El Campizo');

-- 
-- Dumping data for table cliente
--
INSERT INTO cliente VALUES
(643526, '3893 NW Hunting Hill Ct', 'LK828032D'),
(1643527, '92 South Pine Tree Drive', 'CC884447C'),
(2862097, '69 Prospect Hill Road', 'KP756992C'),
(5741353, '1649 Riddle Hill Dr', 'GP796126B'),
(6949425, '2981 E Riddle Hill Drive', 'BK640490C'),
(6949426, '692 Hidden Chapel Hill Way', 'BA479348D'),
(7949426, '1012 Parkwood Highway', 'KK933456A'),
(8752933, '2664 SW Hazelwood Pkwy', 'YT055803A'),
(9752930, '877 NE Ski Hill Circle', 'EP351842D'),
(9752931, '2345 Fox Hill Hwy', 'BH442926D');

-- 
-- Dumping data for table animal
--
INSERT INTO animal VALUES
(82181, 9053977, 'Lynnja', 'Poodle', 1),
(82182, 9053977, 'Lysann', 'Gato persa', 0),
(1082182, 6312989, 'Nikadel', 'Husky', 0),
(1082183, 6312988, 'Aenlin ', 'Gato persa', 1),
(2620334, 4212428, 'Kathina', 'Pomerania', 0),
(6561560, 7312989, 'Berte', 'Labrador', 0),
(7561560, 5212429, 'Herma', 'Pomerania', 1),
(8477035, 5212429, 'Käthe', 'Beagle', 1),
(8477036, 6312988, 'Senta', 'Labrador', 1),
(9477033, 6312988, 'Hermengilde', 'Beagle', 1);

-- 
-- Dumping data for table telefono_socio
--
INSERT INTO telefono_socio VALUES
(3, 262544, '558-6564'),
(8, 262545, '350-0021'),
(5, 1262545, '161-7402'),
(10, 1262546, '986-3717'),
(4, 2852335, '321-5481'),
(9, 3852335, '337-5627'),
(6, 3852336, '640-6179'),
(2, 4955038, '224-2672'),
(1, 7527222, '660-3445'),
(7, 9582823, '768-9834');

-- 
-- Dumping data for table telefono_cliente
--
INSERT INTO telefono_cliente VALUES
(5, 643526, '126-2653'),
(2, 1643527, '241-1969'),
(6, 2862097, '636-8895'),
(7, 5741353, '171-4493'),
(8, 6949425, '645-2382'),
(1, 6949426, '916-2883'),
(10, 7949426, '511-2464'),
(9, 8752933, '874-7011'),
(3, 9752930, '868-9304'),
(4, 9752931, '480-1469');

-- 
-- Dumping data for table noticia
--
INSERT INTO noticia VALUES
('El local de la calle Teneas ha terminado sus reformas', 'Después de dos largos meses de obras en el local de la calle Teneas ayer a llegado a su fin la reforma que se estaba realizando. ¡Nuestros animales ya pueden vivir en un lugar mejor mientras encuentran un nuevo dueño!', '@web/images/reforma_local_teneas.jpg', 0, '2020-05-30'),
('Se busca familia para Artia', 'Artia es una gatita blanca que lleva en nuestra protectora un tiempo y aún no ha encontrado una familia. Si estás interesado acercate a nuestro local de la calle El sol y pregunta por ella. ¡Corre, que te está esperando!', '@web/images/artia_busca_familia.jpg', 0, '2020-05-30'),
('Se buscan nuevos voluntarios', 'Si te interesa formar parte de nuestra protectora y hacerte voluntario ve a uno de nuestros locales y hazlo saber al empleado que se encuentre en ese momento. Él te dirá lo que deberás hacer. ¡Estaremos encantados de que te unas a nuestra familia!', '@web/images/buscamos_voluntarios.jpg', 1, '2020-10-14'),
('¡Axia ha sido adoptada!', 'Esta mañana se ha acercado al local de la calle El sol una familia a la que le ha encantado nuetra perrita Axia. No han dudado un segundo y la han adoptado. ¡Que disfrutes de tú nueva familia amiga!', '@web/images/axia_adoptada.jpg', 0, '2020-02-24'),
('¡Kaimi ha llegado a la protectora!', 'En la noche de ayer ha llegado a nuestro local de la calle Lamara un perro al que hemos llamado Kaimi. Le hemos realizado las pruebas médicas necesarias y pese a que tenía bastante hambre ya le dimos comida y se pasa el rato corriendo de un lado a otro. ¡Bienvenido! ', '@web/images/kaimi_llega_protectora.jpg', 0, '2020-05-31'),
('¡Toby ha sido adoptado!', 'En la tarde de ayer, día ocho de abril, una chica de veintiún años y llamada Annabeth se presentó en nuestras instalaciones de la calle Lamara. Se mostró muy interesada por nuestro cachorro, y al cabo de un rato hablando con uno de nuestros empleados, se decantó por acoger al pequeño. Después de unos trámites nuestro querido amigo ya puede disfrutar de su nueva familia.', '@web/images/perro_adoptado_ pagina_principal.jpg', 1, '2020-01-21');

-- 
-- Dumping data for table atiende_cliente
--
INSERT INTO atiende_cliente VALUES
(5, 643526, 4706026),
(2, 1643527, 5706027),
(6, 2862097, 4706027),
(7, 5741353, 6409379),
(8, 6949425, 3204806),
(1, 6949426, 7409381),
(10, 7949426, 9462467),
(9, 8752933, 7409380),
(3, 9752930, 8462469),
(4, 9752931, 6409380);

-- 
-- Dumping data for table adopta_socio
--
INSERT INTO adopta_socio VALUES
(5, 82181, 1262545),
(4, 82182, 2852335),
(9, 1082182, 3852335),
(1, 1082183, 7527222),
(10, 2620334, 1262546),
(8, 6561560, 262545),
(3, 7561560, 262544),
(7, 8477035, 9582823),
(6, 8477036, 3852336),
(2, 9477033, 4955038);

-- 
-- Dumping data for table adopta_cliente
--
INSERT INTO adopta_cliente VALUES
(5, 82181, 643526),
(4, 82182, 9752931),
(9, 1082182, 8752933),
(1, 1082183, 6949426),
(10, 2620334, 7949426),
(8, 6561560, 6949425),
(3, 7561560, 9752930),
(7, 8477035, 5741353),
(6, 8477036, 2862097),
(2, 9477033, 1643527);

-- 
-- Restore previous SQL mode
-- 
/*!40101 SET SQL_MODE=@OLD_SQL_MODE */;

-- 
-- Enable foreign keys
-- 
/*!40014 SET FOREIGN_KEY_CHECKS = @OLD_FOREIGN_KEY_CHECKS */;